,pes,gain
0,2.64982083075,16.2908738701
1,2.3828967575,17.0032095999
3,2.85572631005,16.2624379924
4,2.73949637202,15.8021697705
5,1.65477820482,15.8590076829
7,2.6637157696,15.6463802569
9,2.60587257176,16.3595070968
10,2.32478251242,15.1808523915
11,2.4860533024,17.1266126624
12,2.5160259979,15.988284882
13,2.58807648131,15.9892224632
14,1.42738596558,16.1648732859
17,2.6028623534,16.0949799446
18,2.15489599455,16.8188895209
19,2.33438451944,15.4733622448
20,1.94597679385,17.1892007001
21,1.70677436617,15.6932442349
22,1.80646652477,17.9827905561
23,2.59700915525,16.7118038437
24,1.9483938763,17.2834387314
25,2.88608971441,16.208053409
27,2.50626677821,16.6360573764
28,2.35444312242,16.9400575659
29,2.06509792918,16.9531836111
30,2.65653859202,15.8332430501
33,2.38814867053,15.2812816752
34,2.32689538936,16.5339167139
36,2.88833234813,15.7053286949
38,1.86955411972,16.699635428
39,2.44314752232,15.8048354167
41,2.15382968355,16.2401060596
42,2.89750651609,15.6262123139
43,2.71553581303,18.0633008661
45,2.53984959809,16.1883764306
46,2.71096638846,16.2949016264
47,1.71424668097,17.1583021799
48,2.58495175616,15.9509623743
49,2.06702652448,15.6465220197
51,2.81394434033,17.5059712502
52,2.44813291363,16.1938225257
53,2.70691187597,16.469990926
54,2.80037784323,16.4972991858
55,2.51309819003,16.0619200538
56,1.93642570634,16.5434598964
57,2.2950493684,16.6469170487
59,2.57129582365,16.8565743193
60,1.73735649863,15.9408426932
61,2.30489498558,15.2842229944
63,2.49475079266,17.5327587346
64,2.64117605633,16.2069621015
66,2.26521040432,15.3373521684
67,1.96327076284,16.4110038281
68,2.83448335675,15.4613902369
69,2.70474265222,15.9667973988
71,1.84266741388,16.9856441253
72,2.86002509547,17.4171869313
73,2.44972903765,17.1901920516
74,2.63706977887,16.1834237251
76,1.60941057531,15.2095692188
77,2.64380963693,14.9542721904
78,2.34781761566,16.626208155
79,1.75566117679,16.3881022253
80,2.63549765564,16.7983784595
81,1.96938559889,17.3735914479
83,2.37588028857,16.1439855608
84,2.6865425724,15.9497952075
86,2.42778960388,16.8174727376
87,2.20869350802,15.2627925166
88,1.81017726343,16.0774246237
89,2.76463068765,16.0527354131
90,2.6305741568,16.4140867711
91,2.21207043148,15.5544628106
92,2.80511902647,16.6584090277
93,2.4966105813,15.9759329279
94,1.35598724836,17.3826735742
95,2.45785759244,15.487375772
96,2.67284666515,17.3827060218
97,1.40526687698,16.283715816
98,2.93958512288,16.5441000275
99,2.46740602216,16.2539892286
101,2.57032586604,16.7938469285
102,2.95230886286,15.7113924345
103,2.35922709316,17.1764083003
105,2.65220784891,15.8882469517
106,1.69735377606,15.9745475937
107,2.70986455142,16.5310437034
109,2.83831188065,15.1007999848
113,2.64765669955,15.7306901524
114,1.94469160293,16.7592956494
115,2.09595591628,15.4598094103
116,2.04046920504,16.2020621848
118,2.33278357978,15.7128693427
119,1.53881619009,16.8959789127
120,2.19463103404,16.8074204827
121,1.83752629052,17.1675692412
122,2.80561878367,15.8965340321
123,2.62115931357,16.1045320136
124,2.72351708131,15.429832503
127,2.74956934612,15.5623690973
128,2.46170108436,16.542325136
129,2.5526240414,16.7858066849
131,2.17568365753,15.8478950777
133,1.96197230446,15.5140568304
134,2.60999277691,16.8157215321
135,2.72862973459,16.4352575656
136,2.22029782507,16.0718390307
137,2.5350246713,15.2698776528
138,2.6547895917,15.4356189923
139,1.48238452045,16.2864321224
140,2.65394358535,16.1292973156
141,2.28832012116,16.2855816487
142,2.64863862718,15.7148684598
145,2.56028131765,16.6160614314
147,2.72061732439,15.9870442232
149,2.55250437735,15.1459102057
150,2.00662599562,16.8773688367
152,2.1943752019,16.0726185275
153,2.60565541626,16.9595230532
155,2.15833332497,16.9725186961
156,1.90643334289,15.9049871523
157,2.09087994642,15.7962444427
158,2.40669939756,15.6440375293
159,2.49286840475,15.0357800749
160,2.87946447195,15.6774600838
163,2.60422692571,15.0054064027
164,1.89800859154,17.1759570529
165,2.63087315002,17.5578818769
166,1.51289631809,15.9692013773
168,1.92122847718,17.6413202005
169,2.76375889499,16.2215769306
170,2.9010973965,16.4520624578
171,2.60856066686,15.6825254182
172,1.55350763741,15.8885731049
173,2.44997878905,16.4860644353
174,2.48821611791,16.097100919
175,1.93657804214,17.3399589495
176,2.51629305177,16.4884061669
177,2.65520616247,15.701292919
178,2.30291159372,15.7941754882
179,2.36743687536,16.0373726649
180,2.67910472778,16.5888302854
181,2.65148450462,17.2612089789
182,2.76334838825,15.4599191642
183,1.8597906926,15.8900481167
185,2.35772340718,15.4451172235
188,2.56912731934,15.8678086288
189,2.32474700098,16.3123855233
190,2.76269422657,15.8762788391
191,2.07550753017,15.6906074651
192,2.38954565969,15.4137309326
194,2.69040952344,15.9859057393
196,1.69370375203,15.5424763627
197,2.68981367788,15.8227969887
198,1.38604635399,16.5486135728
199,2.13201060838,15.1916600542
200,2.51528489034,15.9202346885
201,2.261280748,16.0678915669
203,2.70517211121,15.7203422491
207,1.50317605454,15.3160659159
208,1.84293631417,16.0031991877
209,2.57679134619,15.7587571112
210,2.07721352795,16.0143003176
211,2.37120420808,17.8762455824
212,2.58436837827,16.9601093693
213,2.70384430156,16.2973891019
214,1.84947934787,16.9208430087
215,2.70065335755,17.0522091685
217,2.14498295766,15.943651985
218,2.23489108517,16.4694403955
219,2.74634852936,16.5362059206
220,2.51411092585,16.3470431796
221,2.17929543211,16.1045891197
222,1.97601522368,16.3766503133
223,2.66988954472,15.8065043612
224,2.39756853139,17.1162414431
225,2.23581915492,16.9452831662
226,2.25219471588,14.9689088154
227,2.48259031602,16.6427382081
228,2.2468274483,16.144847324
229,2.82984679003,16.5992186223
230,2.44088313653,16.5931993063
231,2.86276885994,17.0170089509
232,2.69213682119,15.9247469514
233,2.92946884118,16.2981646629
235,2.90344777716,16.3054994419
236,2.04166845544,16.253094614
237,2.21716486402,16.887662698
238,2.27325291338,15.828863017
239,2.71682615441,16.7195852436
240,1.66607210427,15.9396753419
241,2.71635195773,17.0626077673
243,2.9918580198,16.3104384805
244,2.38933591474,15.7979678752
246,2.54964400264,15.9670707415
247,2.84491065264,16.5564788182
248,2.17591775854,16.5683767125
249,2.08491996699,16.3612053268
250,2.8548544971,15.7696658607
252,2.03323420343,15.2842030662
253,2.56531650611,15.8502433284
254,2.86541099014,15.6021862387
256,1.27858962338,17.333803888
257,2.74587533366,16.3988014974
258,1.88319742458,17.311651226
259,2.44909519515,15.9210101976
260,2.37299059175,15.7291090201
261,1.9738067133,15.1900534073
262,2.36166064783,15.9543560318
264,2.41301307591,16.4856069158
266,2.23646441211,15.7409814969
268,2.86335735456,16.9950143026
269,2.25803669025,17.1918337194
270,2.66103073713,16.5497937357
271,2.50888944997,17.3627307534
272,2.36079359205,15.5872514699
273,2.20835395482,18.2111918536
274,2.75520276593,15.2953322229
276,2.35037349971,16.8743857579
277,2.70372200715,16.618426452
278,2.15903786588,16.0389771206
279,2.83378185232,16.2624813365
280,1.979962101,15.0579577875
281,2.29365076269,15.5334598009
282,2.47860800805,16.7898227121
283,2.17346780445,15.8121432062
284,2.16928954559,16.8701213842
285,2.7330375368,16.6693845091
286,2.81832129258,16.0500789653
288,1.88097994432,15.5331296769
290,2.52763508898,16.3744340097
291,2.64575064799,16.1555060688
292,2.50628842588,15.9654676133
293,1.67913308094,16.063104656
295,2.28858037295,15.4278031836
296,2.57814735281,16.9815277838
297,2.54552994625,15.3790567463
299,2.48517075246,16.5383038775
300,2.71173694964,16.043729707
301,2.60764508596,16.1282210569
302,1.65052378184,16.6267543769
303,2.87047959754,15.4694229659
305,2.63195807926,15.9586468493
306,2.66814557765,16.7882632007
307,2.48612381455,16.5897525443
308,2.51564039818,15.2509858314
309,2.6796189776,16.3515115382
310,2.67953184924,16.618090812
311,2.5424964402,16.8448864402
312,2.90771515557,16.6801197356
313,1.97098383445,16.5315314917
314,2.40508005087,16.7489307983
315,1.39712405761,16.5971755254
317,2.46341584532,15.7074770456
318,2.39592944963,16.674536704
319,2.70424547304,16.136108622
320,2.42293124706,16.0641869552
321,2.71629640852,16.3307538068
322,2.58586851466,15.3837347901
324,2.34560259818,15.694966757
325,2.04229840216,17.3588728851
326,1.83281587055,15.5469281308
328,1.28913699424,17.8289922154
329,2.19321883929,15.3913566752
330,2.20481524805,15.6706593141
332,1.26051764763,15.2967795787
334,2.59109351804,15.20956904
335,2.47096341346,15.8064686973
336,2.2721279669,17.5853948826
337,1.85500680423,16.0353010662
339,2.11397247105,15.5456458593
340,2.58154074765,16.612731783
342,1.69580556151,17.4564073538
343,2.64054759071,16.1115541374
345,2.22114748931,15.9015002219
347,2.49549528741,17.5682264775
348,2.57073300148,15.5742930388
349,2.25687535114,16.804141501
350,1.91749173308,15.711610705
351,2.59134812108,16.517655966
352,2.57368903453,16.7015083668
353,2.54430412459,16.0732136327
354,1.95592290718,16.7516349211
357,1.89027060507,16.2448986988
358,2.16602732747,15.9448727241
359,2.63631063922,15.6350929987
361,1.95977154822,16.166979397
362,2.8474217465,16.7221067891
363,2.86002531952,16.5534154579
364,2.053666482,16.4375215864
365,2.46819883202,15.9548884495
366,2.97968703438,17.127404105
367,2.44806445982,15.615917095
368,2.00307149883,16.0679446079
369,2.62311776334,16.9663379319
370,2.55909504855,17.8267748296
371,2.4538444319,16.4242425774
372,2.10643675259,16.2452691073
373,2.72020208681,17.2328714199
374,2.75097430339,16.4403624269
375,1.34241338126,16.7419567841
377,2.60585733882,15.7088532682
378,2.52223768466,15.9783008259
379,1.33978382293,16.0729795099
380,2.81252090185,17.1615244703
381,2.39174861443,16.1262300671
382,2.95523436669,17.3242087784
383,2.8245006343,16.4799950943
384,2.05942840195,17.8443279258
385,2.47293266578,15.8756323676
386,2.74995939845,17.3139316769
387,2.35140745471,15.6105536792
389,2.36048099643,15.3032338585
391,2.57217673842,16.3482340774
392,2.779888915,15.4428201316
393,2.18995212785,15.7115156549
395,2.40473417982,16.2742012289
396,2.64216076304,16.8611694792
397,2.9710282517,17.0906900601
398,2.29121400912,16.1097981334
400,2.41707087923,15.6865316216
401,2.63235014684,15.9338111585
402,2.35140475,16.1894745989
403,2.79907846191,16.0224393383
405,2.93587676092,17.1066015127
406,2.61645978305,16.2735875481
408,1.94609865512,16.1280197694
409,2.02256500569,16.1029693731
410,2.74394921217,16.2597305285
412,2.80739652408,16.0319159816
413,2.54675061515,16.8015110233
414,2.48214537141,17.2534928198
415,1.6836715788,17.1303677866
416,1.99385120757,15.7398908687
417,2.76817935041,17.4075080871
419,2.04321401532,15.9664872885
420,1.82596337716,15.5791954435
422,1.5789618963,15.4670746518
423,2.11394750186,16.3465137741
424,2.4729291103,16.6028859942
425,1.86431297495,17.4788726718
426,2.90617830141,17.218595102
428,2.3136222696,16.267495652
430,2.1039168851,17.9237434619
431,2.81323356061,16.5228081608
432,1.40377093553,16.7347381073
433,2.40102565483,15.9140518812
435,2.82831293469,17.1854004184
436,2.21883785325,16.2670904173
437,2.29501258098,16.0872218683
438,2.77084754869,16.126016357
439,1.74393410192,16.4479580181
441,2.77613843258,15.7358194398
442,2.79188712896,16.4019860529
443,1.70474571467,17.4125927524
444,2.99226165202,16.6685534779
445,2.56046741153,15.7165646393
446,2.77923853833,16.5534998403
447,2.51984559547,15.796740332
448,2.58472449411,17.0114055146
449,1.70433044682,15.7289528129
451,2.49694255295,16.2617397322
453,2.64029588975,16.1103947698
454,2.45678020415,16.0951516192
457,1.94374005894,16.1325914797
458,2.80676780974,16.1130594767
459,2.51543872006,15.8135443801
461,2.91093668112,15.4955749905
462,1.62954516044,16.3287647154
463,2.7882101725,17.3578375276
465,2.46443368901,15.7898781957
466,2.1458967288,15.867433268
467,2.06890097911,15.782709809
468,2.17722434607,16.5087800711
470,2.35751281355,15.9549731928
471,1.44281221473,16.2578699344
472,2.98040868794,17.6221064372
473,2.68167289028,17.9843440629
474,2.30842188917,16.8093143055
475,1.6814957988,16.8373172379
476,2.33225822282,15.2380243467
477,1.62072340201,15.1900326298
479,2.06582956692,15.62731138
480,2.94950452125,17.1924453067
481,2.10977112835,16.6848197626
482,2.02691058713,15.8620034907
483,2.35901958755,15.7369399986
484,2.67814305667,16.5070006839
485,2.45978942416,15.8193782162
486,2.46890979419,15.3684804958
487,2.08623596873,16.5014396686
488,2.35331150025,16.2319643271
489,1.76579491409,15.7291218634
490,2.51755935784,17.0644389314
492,2.19171863721,15.6878150066
493,2.27837923734,15.60246896
494,2.069223309,15.3461824095
495,1.53675730742,15.1738286564
496,2.67138156147,16.0716876777
498,2.74915915327,16.2073548942
499,1.60257041017,17.204208999
500,2.43722281046,15.8270682914
501,2.45299352838,15.5978215361
502,2.3776970294,16.2634798285
504,2.26518339736,16.0974570015
505,1.40999154332,16.2827462729
506,2.83691463689,15.3692002569
507,2.41592666511,15.5930918381
509,2.7095612066,16.3717429353
510,2.78466882117,16.1579079606
511,2.31605618781,17.084579401
512,1.65263969502,16.0358504292
513,2.68215643154,16.3929336415
514,1.7357386025,17.1572192287
515,2.89491399005,17.2855399544
517,2.5253278413,16.0286081919
518,1.42676568068,17.0694185841
519,2.44446917731,15.603102117
520,2.91311410533,15.7768338437
521,1.78929503711,15.5196736413
523,2.84199240569,16.103411584
526,2.45602556151,16.3500971025
527,2.29228024047,17.6407074721
528,2.84833965041,15.5986201372
531,2.51723780597,16.3885984741
534,2.3192427076,16.244319069
535,2.19924237739,15.6476177292
536,2.31049867408,15.7412352128
537,1.68824042806,15.7620952102
538,2.23621148077,16.5484110225
539,2.11664043512,16.5121499363
540,2.33606862166,16.1708286136
541,2.34790750022,16.1349765112
542,2.33348069623,16.5807310527
543,1.63974635884,17.5362175009
544,2.50368959315,15.3452261579
546,2.29333744616,16.5645003818
547,1.93300568718,16.1293477972
548,2.49372139273,15.8618497233
549,2.60353785651,17.0991585806
550,2.59547585637,16.3708718113
552,2.59261053957,15.7423932312
553,2.04603800817,16.0374205236
555,2.94934414618,16.208252509
556,1.66611337534,15.8395347186
557,2.53320936717,16.2653129669
558,2.88694301555,17.091424696
559,2.76811110492,16.4886541884
560,2.7810071235,17.8853592635
561,2.17251913593,17.0022698384
562,2.31620437866,15.5251389625
563,1.27766841873,16.5558571939
564,1.92029408929,16.1716669103
565,1.84590581298,17.0649261881
566,2.63757214853,15.7528721493
567,2.42235932664,17.4986741153
569,2.82844210435,16.3887928153
571,2.67615562897,15.9539418338
572,2.75770916152,17.6469706853
574,2.61514972952,15.1360005337
575,2.30079272065,15.4259479243
576,2.64767149991,15.4605475741
577,2.37262186327,17.0499543286
578,2.63802629154,16.2937573026
580,2.396802792,16.1360638742
581,2.70476648354,15.9122219421
582,2.59700132939,16.0199455414
584,2.74379583952,15.6924791628
585,1.83444728532,15.4907275754
586,2.85819453359,16.4965549292
588,1.44027135303,16.2548904648
589,2.80437986487,16.9532478792
591,2.82584699493,15.9521450585
592,1.43140202021,16.0746947494
593,2.34835977918,15.9170321258
594,2.19852762416,16.3170001752
595,2.75711898011,16.8405097485
598,2.72285001585,16.5806110502
599,1.48951022952,17.2476107667
600,2.66900342925,16.1423088386
601,2.23185761241,16.5804629085
602,2.86164061855,16.1766148894
603,2.64680994072,14.8572664232
604,2.75895239501,17.466605053
606,2.46884010049,16.161316808
610,2.03703503659,16.4991595455
611,2.7544719472,16.0023416401
612,2.64514571265,15.6123398072
613,2.9173501223,15.9816341556
615,1.46154000349,15.8877102818
616,1.89908853412,15.3400327495
617,2.53887972278,17.2348913937
618,2.38528498218,16.4421425327
619,2.69154291892,16.7863428356
620,2.25988688493,16.1936688798
621,2.85911512051,15.9872068919
622,2.91650170732,18.4158783966
623,2.67870189642,16.2828541111
626,2.71189190338,16.3108910951
627,2.679979317,16.0093082625
628,2.12115659344,15.7657430404
629,2.81939911964,16.0499151771
630,2.0823603399,15.5663884045
631,1.74848358417,15.7676297085
632,2.49506408932,15.7709184539
634,1.416214647,16.8103137286
636,2.01295701659,16.4508853442
638,2.52475523941,17.2608638962
639,2.73539377343,16.2232916591
640,2.42559703292,16.7949793149
641,2.55800429393,16.1754033176
643,2.71795518293,16.4327001367
644,2.83268433763,15.8254101029
645,1.23984661997,16.4078955026
648,2.42118095519,15.9013050399
650,2.22010457861,16.2980354597
651,2.76225707035,15.8539760185
652,1.88175648,15.5477812588
654,2.59140027778,16.9875245881
655,2.76813939939,16.3162198791
656,2.55047031959,16.2955605368
657,1.83016056112,16.1151676359
659,2.68992224661,17.6834902035
660,2.52432233886,15.7336255756
661,2.53499135221,16.4430216285
662,2.77240397279,17.965170146
663,1.21761222091,16.2420712658
664,2.85455063683,17.3911266413
665,2.83819006221,16.7669067796
666,1.67633483272,17.3722764094
667,2.08613132499,16.5412108426
668,2.67879668475,15.877712092
669,2.94435585113,17.1823470101
670,2.74449527552,15.8974052169
671,2.11279544693,15.6030163155
672,2.03773183332,16.6668065804
673,2.31975302466,16.319701526
675,2.76592213469,17.6028735209
676,1.52888215585,15.7138905441
677,2.65485401256,16.2474085314
678,2.80070710933,16.9177995124
680,2.83627761542,16.5030736819
681,2.50037980596,16.020441071
682,2.80798983318,16.3478065956
684,2.58017881986,16.0574133246
685,2.75343037489,16.0606246461
686,2.53405892541,16.4533614198
687,2.89156519666,16.4066449955
688,2.51357767091,16.1786327148
689,2.06164432151,16.5886723567
690,2.8484677596,15.7646168031
691,2.54839017764,15.6746200315
693,2.43165474863,15.9780051453
694,2.89275877519,15.3520515952
695,2.45328633672,17.4106165216
696,2.50567854118,16.7685656862
697,1.33592602422,15.8005648452
698,2.97606842152,16.7818225991
700,1.70005676495,16.4833892753
702,1.69579936428,15.3745802802
703,2.84982118199,15.8333321227
704,2.06560146512,16.2238723786
705,2.70261954425,16.5065271611
706,2.74122801891,16.7601261009
707,2.21401286892,15.1398077923
708,2.68749577432,16.2870963783
710,2.90364293898,16.6420017793
711,2.03800438121,16.0889622903
712,1.89922938803,15.5930925856
713,2.45106304184,15.3581616935
716,2.58214452152,16.3257975598
717,1.97492395017,15.9176951647
718,2.60142553464,16.0171574865
721,2.4285799838,16.5378269623
722,2.58910361965,15.6741323843
724,2.65244407928,15.8780982397
725,2.85269702561,15.2703008849
726,2.71756202683,15.0712634538
727,2.49940260373,16.8381805221
728,2.95948130168,16.0533673884
729,2.87835875568,17.5714667967
730,2.39522740381,17.2391977047
731,1.90161976929,17.2670258133
732,1.53280621699,16.1618565327
733,2.83688232835,16.4140814412
734,2.75252616149,16.396770474
737,2.77907487535,17.0171437876
738,2.24818799874,15.8717875393
739,2.61084697486,15.6215297619
740,1.76364494824,16.4528182422
741,2.68578754745,16.6435991168
742,2.780321166,15.5158867935
743,2.25086715257,15.5417840739
744,2.5849236731,17.9442381394
745,2.03589319699,15.882681908
746,2.51042232007,16.0525809192
747,2.38690365145,16.8289952078
748,2.1862538552,17.0872700542
749,2.17612385695,16.494577598
751,2.75817673403,16.3493381122
752,2.73342762553,16.6697842411
753,2.43115341421,16.1954138345
754,2.57505460979,17.4944585878
755,2.2381686311,15.7622467218
756,2.81682225846,16.5519703582
757,2.07300503659,16.4340778409
758,2.29179570394,15.4540498575
759,2.91335866482,16.8332314656
760,2.91560551984,16.4263099187
761,2.43930786437,15.6842285985
762,2.65006754259,16.4718647854
763,2.00703759464,16.8275580858
764,2.70377498443,17.1539722602
766,2.64830192699,15.8845823844
767,2.38859776232,15.3895490945
768,2.60611125065,16.2352351421
769,2.22607243033,17.2295721628
770,2.15426535043,17.1737897004
771,2.64587570683,16.0917595067
772,2.27966614085,16.0776595826
774,2.61372906876,17.8256685755
775,1.74902952247,15.6711989113
776,2.05204583304,16.1083169631
777,2.45670169353,16.4260506429
778,1.68709212519,15.6512804554
779,1.82227689202,17.1554586346
780,2.62381683206,16.0074827197
781,2.41623619762,15.3513160685
783,2.85112242766,16.233536642
785,2.6510452363,15.2537343171
786,2.68467600072,16.0950285511
787,2.64176428772,16.0152388404
790,2.46083172572,15.784547624
792,2.38755463989,15.8917200601
793,2.63295239246,15.8857872163
794,2.68679155325,15.8004245839
795,2.09823311061,17.0795579297
797,2.67967330932,16.2897957851
798,2.61752203017,15.4936453983
799,2.72780179865,16.8353105889
800,2.79636523,17.1510626938
804,2.60060280083,16.4511049391
805,2.67402166337,16.8373734874
806,2.61353574956,16.4527087782
807,1.88803510315,15.9237018507
809,1.93376558911,16.65558043
810,2.13231377567,17.1034894869
811,2.54207450765,15.6528325106
812,2.3191340385,16.8205071744
814,2.82343446704,16.9287969925
816,2.76623492703,15.1823709551
817,2.65927111499,15.9613391066
818,2.53185953121,16.7469834506
819,2.00310199673,16.6725219268
821,2.32216987695,17.1558388006
823,2.49526935633,16.4507567434
824,2.35801874704,17.2390043441
825,2.45691462213,16.5113376286
827,2.2843151464,15.3290883073
828,1.68832057658,15.6068086867
830,2.74098764444,17.0853941862
831,2.21118571935,15.7476093821
832,2.23048485544,17.4742894208
833,2.40034352332,16.5201090843
834,2.66667485984,15.8113074139
835,1.63722455689,16.1789842368
841,2.29589017662,16.1750930958
843,2.20719257743,17.24152972
844,2.49027747125,16.1515312546
845,2.65738083008,15.8651132514
846,1.27092997225,16.3172319962
847,2.70531011019,16.5648531467
848,2.43875371103,15.6790711703
849,2.06927604544,16.5681769225
851,2.31557551456,16.1010844214
852,2.49990892434,16.1681633888
854,2.5017080932,16.4332177821
855,2.66313257589,15.6913183478
856,2.43456734396,16.8738279348
857,2.20615786549,16.7300514145
858,2.37170979858,16.5217506065
860,2.49276040123,16.2032458824
862,2.24593177366,15.9383210253
864,1.47975521848,16.113538531
865,2.55816734465,16.4996437474
867,2.57187100657,15.9638814941
868,2.37020560617,17.157522297
869,2.34110159167,16.3236002958
870,2.77096847958,16.58083288
871,2.51012845224,16.0821259443
872,2.7344230854,15.5279597989
873,2.31713198269,16.9086453106
874,2.23590782055,16.1044949959
875,2.52984110275,15.2186291376
876,2.7592050573,17.0069130657
878,2.73573703344,16.6425917588
880,1.82441369418,16.2517855395
881,2.50636084845,16.376924313
882,2.70525455596,17.1241715565
884,1.76547862284,15.8293247192
885,2.11932811353,15.7483388544
886,1.94019632589,17.8525439592
887,2.5864668101,16.4669977651
890,2.96620746656,17.9268472771
891,2.57450342574,16.4605334384
893,2.94087433318,17.3440456432
894,2.36537943585,15.9110873054
895,2.50630054241,16.3016450359
896,2.48532227147,15.5766250889
897,2.80728417114,16.5415266163
898,2.76775291245,16.2422673741
899,2.65120175114,16.3242082566
900,2.47825528952,15.8110529253
901,2.15955116289,17.4789668431
903,2.73865586223,15.460562419
905,2.41531652189,16.032352967
906,2.8499951338,16.9970533728
908,2.01180821129,16.3924241352
909,2.39059547167,16.8021939585
910,2.64577596747,15.8062750121
911,2.08651813597,16.0302582832
913,2.91244999424,17.2048418462
914,2.65972394036,15.6385817334
917,2.15163783663,16.3525135707
918,2.60523212975,16.908588979
919,1.95998498031,16.5456331146
921,2.62652403345,16.9683898248
922,2.13223121703,15.4253056621
923,2.04279353564,15.9864796604
924,2.25428145501,15.9744133528
925,2.45168678601,15.7518942351
926,2.70130507585,16.37309895
929,2.71674438747,15.6530072418
930,2.46109629477,16.2212979732
932,2.20160654013,15.2259765186
933,2.74832535773,16.1782693281
934,2.51000170988,15.7641035455
935,2.42935419817,16.3632015873
936,2.58686034061,17.0032751508
937,2.85762461277,17.2418420121
938,2.62993482931,15.3509659478
939,2.46241051084,15.8382058872
940,2.27879586215,15.8317768516
941,2.91888752374,16.9778298835
942,2.25246577159,16.9924649497
944,2.52607410556,15.89417476
945,1.93313210863,15.6934473444
946,2.24164176704,16.3871417439
947,2.71783290749,16.2178176367
948,2.74106698004,15.7458241826
949,1.88674504095,15.9206340919
950,2.86759733379,16.1370618914
951,2.34998506512,14.9547681738
952,2.89656813437,16.4084666283
953,2.69151527505,16.3843985125
957,1.36785762684,16.7270422297
959,1.74408022167,16.9474704878
960,2.30902522487,15.0860815137
961,1.38154946361,16.7964978363
963,2.35228087769,16.3171175365
964,2.04288317978,16.5420922258
965,2.06548288862,15.741701602
966,2.54964001474,16.1422617927
968,2.38294858306,16.6314766394
969,2.23096696147,16.1160176923
970,2.83142945155,16.1714850333
971,2.57110951048,15.9995129794
972,2.29126518428,16.0829821429
973,2.98863515855,17.475100383
977,2.48474458765,15.720634342
979,2.71149166964,15.7582714298
980,2.90655460437,17.6384724249
981,2.68328991805,15.6169084822
982,1.25878319619,16.3659799074
984,2.77960960071,15.5072678638
986,2.12883165114,16.7653977749
987,2.79477456398,17.4149816021
988,2.65921951127,17.2628380635
989,2.89620027234,17.5418948408
990,2.5297879804,15.8225077538
993,2.0941068837,17.1597341749
994,2.41425461915,16.5253524663
995,2.67491992727,16.9408925369
996,2.94738660667,16.2584500686
1000,2.62473360085,17.9492913223
1002,2.75204491956,16.5363505557
1003,2.58808501458,16.8543058748
1005,1.25079561778,16.0995595862
1006,2.91879232351,16.467599492
1008,2.51501383798,16.0702666444
1009,2.40874693937,16.2706311328
1010,1.97060828731,15.8158163011
1011,1.65583142164,17.2471348169
1012,2.98795565752,18.2881104033
1013,2.77848378748,15.9993248823
1015,1.8311296268,16.1913363311
1016,2.83867130337,16.4931782625
1017,1.57398181639,16.8771532277
1018,1.54651022029,15.954760956
1019,2.66507056509,17.3772219431
1020,2.60799472046,16.0409656743
1021,2.50321397562,16.0477187402
1022,2.29436232133,16.8451093496
1024,2.68314974734,16.6830186722
1025,1.2450444113,16.1061558697
1030,2.24529841415,15.7978352904
1032,2.60217985291,16.9198110276
1035,2.55111159358,16.4504963148
1036,2.19020833426,15.9048326762
1037,2.47241661444,16.5185346625
1038,1.81470398491,15.6427166438
1040,2.44806320547,15.9573688034
1041,2.73459265523,15.714816804
1042,2.79161765546,15.6787258885
1043,2.60908139061,16.4363882928
1044,2.639908266,15.5181009496
1045,2.59179635912,16.2334720993
1046,1.80630187016,15.7907221595
1047,2.68810990691,15.6790062453
1048,1.8749361699,15.8954351948
1049,2.46866709141,16.3805443255
1050,2.41097840217,16.0721575062
1051,2.30660660038,16.5953118661
1053,1.86040727576,17.0204355368
1054,2.73462236332,16.3451304792
1055,2.77333985738,16.9357420682
1056,2.23318245283,16.2256761283
1057,2.97155161038,16.3704280567
1058,2.53108323485,15.8709367173
1059,1.82386640571,16.2674519664
1060,2.76219226851,15.5486716181
1061,2.72773082511,17.2018549738
1062,2.52608912255,16.5120292809
1063,2.32671532669,15.4129223464
1064,2.99159465468,17.66534372
1065,2.74866329617,16.5890701693
1067,2.35936536589,16.082611719
1068,2.77720750924,15.9840718149
1069,2.65492114008,16.8565363052
1070,2.56001277689,16.1678569561
1072,2.84547073142,16.7527519318
1073,2.47486882094,16.1577397358
1074,2.28087632276,15.4248616211
1077,2.61417959215,16.1634990084
1078,2.7537587793,15.0933707702
1082,2.68362054902,15.8554248897
1083,2.62897204059,15.5955742685
1084,2.39129728281,16.0833960691
1085,2.58999716762,15.7294048525
1086,2.71025786822,16.0507440137
1087,1.78799328371,15.1456200309
1088,2.89309559991,15.659181761
1089,2.64698531162,15.9515572178
1090,1.29358079121,15.3696885927
1091,2.56752220968,17.3953229808
1092,1.9979429112,16.015631934
1093,2.73111671902,16.7182946279
1094,2.29246144129,15.8412669826
1095,2.93309934083,16.9687852853
1096,2.90174159036,16.5738980357
1097,2.72628616015,16.8972063102
1098,1.8612355252,15.6234899989
1099,1.77253909419,17.0578637734
1100,2.72154679009,15.7679153821
1101,2.54082214109,16.3099302373
1102,2.99068523465,15.9515710828
1104,2.9751755894,16.3761509379
1106,2.79863237031,16.1642926366
1107,2.30391790362,16.0524263365
1108,2.43091269439,16.8208529194
1109,2.0148354218,15.8164356195
1110,2.92888257692,16.3510766283
1111,2.21607615363,15.7865721998
1112,2.82856521001,15.7224818593
1113,2.34511959669,16.1137425312
1114,2.41633986642,15.437854101
1115,1.93919584425,16.2409166718
1116,2.759156741,16.6285538767
1119,2.66345320802,16.006146097
1120,2.29762946558,16.1246493366
1121,2.60160236891,16.1978044034
1122,2.86817468511,17.2094018384
1123,1.42686695083,15.6866084216
1124,2.44525153963,17.2003156858
1125,2.37655192627,16.0564750312
1127,2.18451275376,14.9224382281
1128,2.37410366106,16.0449577486
1129,2.73467081488,16.0444773142
1130,2.83053033386,17.9689423469
1131,2.3852978376,16.253371031
1132,1.9313814513,16.7056959661
1133,1.37348553761,16.1864797846
1134,1.94065863838,16.4038279199
1135,2.76040652626,15.9004590033
1137,2.38133271564,16.0888777762
1138,2.49625630471,16.5743670926
1139,2.49282281063,16.0203426438
1140,2.90464885,16.7644351744
1141,1.89732898612,16.0577689031
1142,2.79533943254,17.4032110667
1144,2.94839286203,16.3240505626
1145,1.97558683424,16.8263106774
1146,2.69314165471,15.7715551009
1148,2.83719937115,16.2898512983
1149,2.47705684944,15.877885388
1150,2.86835268092,15.8368816727
1152,2.75817079602,16.9009921117
1153,2.67075658343,15.8181163604
1154,2.43710942148,17.2204486267
1155,2.93878862475,17.737586605
1156,2.58837690128,15.8032278967
1157,1.4177952821,16.7100019535
1158,2.05956899844,15.4107292815
1159,2.75237123084,16.0674918627
1160,2.72923544122,16.0311385699
1161,2.7758230843,15.5079429932
1162,2.46162770449,15.7510355845
1164,2.75098738158,16.0329676432
1165,2.82009758971,17.3231741174
1166,2.84431393946,15.6814719904
1169,2.06741810931,16.0449082971
1170,2.69232928102,16.0439458409
1173,2.24248343247,15.8348755397
1175,2.16609786838,15.7447536519
1176,2.82214595337,17.0421471716
1177,2.27971064422,16.5488743564
1178,2.93082486732,17.5228556568
1179,2.55778802603,16.0522112551
1180,2.62770596735,16.761127127
1181,2.87221690022,16.4725437684
1183,2.31951394376,17.2654646242
1184,2.05422037442,14.9376891258
1185,2.36810057998,16.0549621252
1186,2.63152570582,16.9610952027
1187,2.33318275756,15.4140438331
1188,2.44885881044,15.8781198165
1190,2.96208166593,16.6929739075
1192,2.88882743787,17.6130539864
1193,2.63084121883,17.7638315443
1194,2.56919074755,16.1127625937
1195,2.44890828804,15.5208823161
1196,1.74469491452,17.5089150476
1197,2.37396621094,17.2294731513
1198,2.75207990002,17.4822986111
1199,2.37095705009,15.9947841677
1200,2.85530558861,17.1189707227
1202,2.45862485563,15.5024305109
1203,1.27381414666,16.3327202173
1204,2.69960227156,15.704360857
1205,2.54483234635,15.6933196865
1206,2.7369796945,15.2813105113
1207,2.39526026733,16.0783205654
1208,2.67036126479,18.1604273438
1209,2.26932948981,15.9628648014
1210,2.57894479587,16.5249893747
1212,2.33404288591,16.0933777288
1213,2.68560816068,17.3135361245
1214,2.8237327029,16.4422621438
1215,2.76288982577,15.7587886201
1217,2.45383751862,16.8016853554
1218,2.46129081363,16.2609487443
1220,2.84556437009,16.5911584339
1222,2.70674423573,16.6668861541
1223,2.38820546314,16.8367865826
1224,2.15041489906,15.4422976193
1225,2.77878092065,16.3542176557
1226,2.82174935769,17.2077592016
1228,2.46610112744,15.8894997085
1229,2.67703800967,16.0547409309
1230,1.83181194245,15.8055641532
1232,2.13120067176,16.201943066
1233,2.0759370725,15.7832255089
1235,2.16010341843,16.2284892883
1237,1.94864413124,15.6526350982
1238,2.30075244618,16.4852318661
1239,2.19069196979,15.3889029958
1240,2.16750815926,15.9899980732
1241,1.24447517894,16.7041788694
1242,2.2097254446,16.2763248783
1243,2.19026001766,15.8189671611
1245,2.87791763889,15.9511405534
1247,2.28893983264,16.8844803117
1248,2.22986102623,15.7012381366
1249,2.7969372513,16.4621955762
1250,2.95288003127,16.1491867753
1251,2.49106747285,17.3264351123
1252,2.17632243138,15.6976419164
1253,2.40335016408,15.6955077497
1254,1.96216873329,16.1252075001
1255,1.93826114006,16.4832651342
1256,2.78137208102,15.8812003491
1257,2.99027820992,16.3953867303
1259,1.25141987041,14.9063513172
1260,1.50255689076,16.5024304528
1261,2.31117402436,16.3872721747
1262,2.15449845895,16.6400344015
1263,2.07291363378,16.7226664061
1264,2.06588601308,16.2030747956
1265,2.43363724041,16.0014443056
1266,2.39295545414,16.468221084
1268,2.18679567571,17.2606834149
1271,1.9709698817,15.5429969015
1273,2.89870939588,16.9781902629
1275,2.70098956483,15.7065812971
1276,1.99522958764,16.3163472369
1277,2.65884853791,16.105192511
1278,2.8433768354,16.938297576
1279,1.48972004827,17.4427395091
1280,2.11156195931,15.6251587808
1281,2.43244019324,15.9697343494
1282,2.13311425331,15.4221188875
1283,2.79327032345,17.0648387985
1284,1.28374730579,16.1960984179
1286,2.34974214955,15.696853976
1287,2.71616081483,17.6333329152
1288,2.54440758133,16.9036763897
1289,2.5195497347,15.8876600626
1291,2.64503765819,15.3074299196
1293,1.37268172175,15.5531095474
1294,2.31842414011,16.1979757341
1296,2.87647108833,16.6724874549
1297,2.18217665494,16.8361610788
1300,2.47537032067,17.3663558325
1301,2.22875168863,16.2746561994
1302,2.21580303902,17.2618563246
1303,2.6984507416,15.5952431747
1304,2.05728615834,15.9969930505
1305,2.72315894928,16.3162354531
1306,2.8231734189,16.375616129
1307,2.24584868917,15.0938524795
1308,1.92867430326,16.1742194023
1309,2.69404028554,15.4588118619
1310,2.55134445204,15.9869535029
1311,2.55068548324,17.1677170785
1312,2.61778707697,15.6428604785
1313,2.68783753928,16.1109569346
1314,2.45536101353,15.1231249123
1315,2.17620170671,15.7890928422
1316,2.53484686527,16.584218548
1317,2.68691532794,16.088788553
1318,2.34553480113,16.0324229806
1319,2.81627051021,15.9081090019
1320,1.84079440529,16.8957046948
1322,2.3833082491,16.6007206124
1324,2.52451142265,15.8404983672
1326,1.97341093456,15.4226571567
1327,2.37953322526,16.3950968366
1329,2.81518600169,16.773175676
1330,2.02976388772,15.5543262939
1331,2.60106670936,16.8741930867
1332,2.19781363925,16.59631825
1333,2.65209437479,16.0031305924
1334,2.40305006137,17.291366479
1335,2.31809037539,15.5452572725
1337,2.23952598587,17.1415864759
1338,2.46444629345,15.8877827907
1340,2.60797094325,16.190561885
1341,2.85789427161,16.0944836583
1342,2.36140456564,16.8708374284
1343,2.66336829183,15.6384657006
1344,2.85977375787,16.1858934921
1345,2.96494853453,16.8204116267
1346,2.17408450332,16.2132948568
1347,2.92394301936,17.1638886305
1348,2.06712799789,15.7309834642
1349,2.69417639243,15.9370165915
1351,2.52488801994,16.2024326837
1352,2.82670555395,16.6794617223
1356,2.7002964359,16.6066809706
1357,1.86126906537,15.319572777
1358,2.46488516793,16.3107665095
1359,2.27133384793,16.0814620638
1360,2.77461892961,15.8908802714
1361,2.25849518634,16.7462490142
1362,2.39778785222,15.5943145267
1363,2.83227351545,16.7236339989
1364,2.47117517452,15.889627815
1367,2.68972255584,16.1446201193
1368,1.45917037667,16.0870162458
1369,2.36111976671,16.389086118
1370,2.50467946262,17.0399685287
1372,2.75161537107,16.9451670719
1373,2.27790382493,15.6201722374
1374,2.36543889518,17.0348618883
1375,2.74421967133,15.8209807039
1376,2.84301984753,16.4332658795
1377,2.57700880969,16.5469097085
1378,2.48328703881,16.1398465543
1379,2.91817381507,17.2779013678
1380,2.39385051917,16.296987585
1381,2.53277093936,16.2673869265
1383,2.472904144,15.7343406775
1384,1.52811554913,16.0639400833
1386,2.26303175028,16.3094592928
1387,2.83706049184,16.5134949053
1388,1.41256160264,16.6654842801
1389,2.71644328426,14.9295192087
1390,2.72951180198,15.9251480858
1394,2.05574292562,17.0289387249
1397,2.25140984027,15.6360688185
1399,2.30638675299,15.7538898403
1400,2.68134130559,15.1648295108
1403,2.30471563636,16.0299271066
1404,1.55667598364,16.2472515402
1405,2.80236123047,17.5734262785
1406,2.64815155789,16.7847657686
1407,2.32217969696,15.4472357309
1408,2.82556544254,17.1432370801
1409,2.50189104259,15.4797334137
1410,2.0809451288,16.1216099379
1411,2.22405518444,15.8387136753
1412,2.18984712791,16.305454054
1413,2.34288995916,15.7820632382
1415,2.50352496628,15.8488634811
1416,2.25585695886,17.2640857544
1417,2.27945272238,16.0766126137
1418,2.74098346121,16.1802837459
1419,1.95204212876,17.1136825291
1420,2.52830916375,16.3519211464
1421,2.33375569685,15.5912750327
1422,2.69560257876,16.7287366287
1423,2.10829500603,16.1909248094
1424,2.8763121486,16.0335309468
1425,2.34887581156,15.9636846326
1427,2.39409763559,16.0087159558
1428,1.68100843677,17.2072151768
1429,1.65801510067,16.1086940851
1430,2.01273156156,16.4307643578
1431,2.67584120024,16.4245952401
1432,2.48722235456,16.0461090516
1433,1.39224864061,16.3419818954
1434,2.73350642605,16.1253169743
1435,2.51972084985,15.9381395219
1437,2.11064998162,16.1269640647
1438,2.14811230499,16.1414864803
1439,2.73954414458,17.5044069478
1440,2.81448146023,16.188070121
1441,2.29031916701,15.2062514737
1442,2.79959142049,17.6807439548
1444,2.70051518687,16.0522615297
1445,2.05088904927,15.9064732271
1446,1.22408412696,16.8162339962
1449,2.41567395594,15.6339441631
1450,2.37014197835,16.973782624
1451,2.8443838421,16.5994871517
1453,2.49924876436,16.8605954447
1456,2.75127411172,16.4332226154
1457,1.74442630394,16.5072394597
1458,2.88645021743,16.7821081717
1460,2.20889846984,15.6169611378
1463,2.63031956414,17.4124030353
1465,2.80717268111,17.756768609
1466,2.19435500436,16.1931367787
1467,1.71901491114,16.9070637297
1468,2.24731267608,15.9611890563
1469,2.69276961854,16.1727474796
1470,2.48473652917,16.6904167744
1471,2.36399112989,16.7272770671
1474,2.68571658623,16.965162676
1475,2.74117577097,16.3725442531
1477,2.15832915966,16.2402942889
1478,1.67220973811,16.4101479702
1479,2.76143898517,16.7968848883
1482,2.01701072242,15.2677177888
1483,2.6579031511,16.9163040233
1484,2.20008325702,16.5196626941
1485,2.44771214007,15.5816858295
1487,2.4059781471,16.3827763519
1488,2.88010333332,17.5215048576
1489,1.80471880295,15.6953503845
1491,2.82879956251,16.6621744559
1492,2.20029946295,16.0614601072
1495,2.87632798786,17.0092290326
1496,2.6538360554,16.1673956744
1497,2.47033093567,15.8439936315
1498,2.87597378677,16.3377328931
1499,2.53060730971,16.9937698253
1500,2.34555598465,15.4919692567
1501,1.54660365742,15.7894702874
1502,2.66114579714,16.4835010279
1503,2.6602094832,16.098842609
1504,2.73402358342,15.5015392942
1505,2.71960816977,16.0486024002
1506,1.82999262551,15.0789466055
1507,2.19123368486,16.3673938745
1508,2.47719288522,16.0249435875
1509,1.71734108628,16.4365720471
1510,2.30043183508,15.9216526595
1511,2.40024116611,15.5104234261
1512,2.84092711808,17.1164664333
1513,1.59223758997,15.8471678234
1514,2.64960052783,16.8652938249
1515,2.89304403719,17.4908821147
1516,2.28253876583,16.8921788886
1517,2.71047348089,16.6011574117
1518,2.53963170954,17.304530921
1520,2.84202079739,16.2712364549
1522,1.48958107797,15.7659532802
1523,2.13548330405,17.0235916145
1526,2.67789509383,16.0819575411
1527,2.16178240891,16.560186898
1530,2.11451981045,16.1626677827
1531,1.67234713266,16.4508091295
1532,2.35732414652,16.8672175159
1533,2.44713713273,16.1217649954
1534,2.4693697496,16.1830100479
1536,2.78273529181,16.9019092652
1537,2.2405671351,16.2553207812
1538,2.35838943738,16.5274422354
1539,2.40588087794,16.1284603518
1540,2.59497561377,16.6957823472
1542,2.44830885874,16.4198142724
1543,1.52715399826,15.7020882714
1544,1.8326286336,15.733796948
1545,2.21217012958,16.2267103514
1546,1.43723781225,16.6345914125
1547,2.60483733005,15.7097189435
1549,2.47884089457,15.8815179468
1550,2.26049392488,15.7386832341
1551,2.67780614715,16.8140733289
1553,1.63896856313,15.4290367434
1554,2.71122460015,15.9076068174
1555,1.79655116048,15.2405060649
1557,2.58684552229,16.4117876221
1558,2.43830473706,16.3332513396
1559,2.72074799131,16.1070458301
1560,2.35692493165,16.2475574443
1561,2.65069727949,16.5003196729
1562,2.84717159496,12.8792651632
1564,2.06428556189,16.209536665
1565,2.63040394705,17.4189282769
1566,2.72964186922,16.6540233775
1567,2.68350968948,16.0392157303
1568,2.63389735194,15.4595653434
1570,2.47194648808,15.8186121699
1571,2.42009007643,17.1541155734
1572,2.8080497684,16.5578289865
1573,2.05349125197,15.8087477263
1574,2.50422843292,16.1674797058
1575,2.81557390138,16.5457928337
1576,2.64597292843,15.8522042675
1577,2.13590120288,15.9843851692
1578,2.36445806635,15.471112503
1581,2.31635172688,16.9480008788
1582,2.17136341943,15.5465737164
1583,1.95477684582,15.3576014682
1584,2.29588399628,16.6527285813
1585,2.04608811097,15.8223889097
1586,2.4482745304,16.2050701608
1587,2.73994401162,16.9930117333
1588,1.66095051976,16.0105536805
1589,2.55984620569,15.9486977731
1590,2.09224727211,15.7271118578
1591,2.09013461185,15.9515493767
1592,2.33843385377,15.9312673534
1594,1.43534089093,15.2510198249
1595,2.67273405793,15.2064410164
1596,2.6761049276,16.8771372455
1598,2.37556020832,15.8328281091
1601,2.31517065424,15.9634441489
1603,2.58392320882,15.7663286861
1604,2.87846852755,15.9087060024
1605,2.16200230641,15.8553479186
1606,2.58316970088,15.9021473038
1607,2.25420209463,15.3293149289
1608,2.80279634961,16.7270683464
1609,2.74567919668,15.6546365204
1611,2.28654546465,16.9753871114
1612,1.71740231295,15.4747436254
1614,2.38972582891,16.050033187
1615,2.82426789093,16.2320336292
1616,2.77936617115,17.843552153
1617,2.57773567458,16.3588222864
1618,2.44673331135,16.4956847064
1621,2.6205065284,16.9272205846
1623,2.70345831275,17.3426551748
1624,2.16623583802,16.1825284911
1625,2.25387299176,16.0255847324
1626,1.33029925217,15.2892416732
1627,2.68877504371,16.2315465506
1628,2.63661540532,16.1368089556
1629,2.40544161848,14.8938094211
1630,2.53535493343,16.4677363171
1631,2.64729484409,15.9828031017
1633,2.43348836643,16.97355961
1634,2.56548698374,16.157359016
1635,2.27600376405,15.579214297
1636,2.3600975568,16.7994354041
1637,2.9363288632,15.4517377527
1638,2.71896254805,15.5684263316
1639,2.33444159677,16.6497099132
1642,2.31999399411,15.6194315072
1643,2.74996513105,16.5823444314
1644,2.47626239855,16.9179529148
1646,2.19523794111,17.3761895674
1648,2.23012923681,17.5506378204
1649,1.66861499639,15.02350466
1650,2.8987974914,16.3844374732
1651,1.59645948621,15.9071046452
1652,2.7281450741,16.2965955286
1655,2.94830148459,17.5890548869
1656,2.74282575247,16.156647474
1658,2.4091488935,15.8649155799
1659,2.15552492625,15.8418225264
1661,2.43113186977,17.2343106096
1662,2.39846697733,15.874851902
1663,2.78721428598,16.4440178659
1664,2.17993316613,17.1172199032
1666,2.00472876225,15.8775055651
1667,1.9742405817,16.1951556477
1668,2.59991225517,17.0977366919
1669,2.4289355463,15.3984622271
1670,2.54396280247,15.8963706096
1671,2.09138085377,16.8393254354
1672,2.49969561305,17.6623825829
1673,1.78718305574,15.9863628028
1674,2.27390691487,16.020054701
1675,2.23040067337,15.4620854232
1676,2.00346037873,16.2827763298
1677,2.09350259491,15.2247666297
1679,1.62700870382,16.0340750853
1680,1.65496233422,15.8692257642
1681,2.80722594193,16.2565600678
1682,2.67111598749,15.6574211173
1683,2.50681189826,15.8863981178
1685,2.08573355317,17.1655031719
1687,2.57733236207,17.1034708637
1688,1.98683582807,15.3417621201
1689,2.1685573574,15.7817039087
1692,2.52279772684,15.4872336101
1693,2.00652796132,17.1795866395
1694,2.60955264784,17.1820189073
1695,2.8387591726,16.0457380183
1696,1.81783259255,15.8873862441
1697,1.93707540606,16.3464218748
1698,1.59286396884,16.4478505973
1699,2.79581863695,16.6216299942
1701,1.68914586626,16.99989268
1702,1.79053242629,15.8496577182
1703,1.99686860226,15.4462337934
1704,2.71735481988,17.1280662037
1705,2.88673780464,16.3888881589
1707,2.4876363268,16.4276403207
1710,2.98211463442,16.5310468393
1711,2.09396496602,15.9004545449
1712,1.81041419383,16.2073030415
1713,1.23680045914,16.7696795777
1714,2.04438248437,16.7304047736
1715,2.67578155333,16.0925664513
1716,2.73247531816,16.4653378751
1717,2.06614124333,16.2436144843
1719,2.64285615837,16.8657081022
1720,2.64096028582,16.481275614
1721,2.67521474221,16.9201763411
1723,2.65525210027,15.6584006472
1724,2.14084498577,16.2620768609
1725,2.54588061564,16.2215292709
1726,2.40958784861,15.7112447147
1727,2.23898939691,16.6392424608
1728,2.57439813769,15.7857108229
1729,2.86510768136,15.9520563098
1730,1.60868223787,16.9118213967
1731,2.47096161718,17.1866225283
1732,2.25328141169,16.0269411545
1733,2.91956332956,17.1842067589
1734,2.11292566325,16.2369119321
1735,2.89288121195,16.2740375672
1736,2.48403721552,16.3942920284
1737,2.32194521245,16.0084608264
1738,1.74649819485,16.6240087335
1739,2.93495760085,15.5467315886
1740,2.51887729075,16.1465840252
1741,2.56688231573,15.8483148539
1742,2.20311061148,15.2841359383
1743,2.4998827636,15.542601592
1744,2.53816437151,15.4857411212
1745,1.58991663207,15.8890379928
1746,2.17848289014,16.5447222274
1747,2.68473456751,16.5285359537
1748,2.89441437231,17.7896385749
1751,2.67830755332,17.1325984282
1752,2.42027357614,16.0229866147
1753,1.59830462397,15.5249593299
1754,2.40372410852,16.1444399151
1755,2.23498261807,16.1236825685
1756,2.56440867665,15.9806822383
1758,2.3305592234,16.694241316
1759,2.72230993901,16.3957371897
1761,2.59831736079,16.0403203149
1762,2.16459957656,17.3888927386
1763,2.93303837546,17.2575916428
1764,2.35261354058,16.1402529048
1766,2.53859856848,16.3350679105
1767,2.61790096037,15.2027681154
1770,2.78843180869,15.9293106217
1771,2.70441398699,17.4241502428
1772,2.38028193868,17.3573877562
1773,2.18759146283,15.9397803485
1774,2.35643903988,15.5317717324
1776,2.89528448873,16.5800241284
1777,1.68479588418,16.9792544442
1779,2.69736501762,15.4956824621
1781,2.55385759395,16.2638004001
1783,2.19724493873,17.1079665434
1785,2.44663941493,16.1903461952
1786,2.35996143806,16.9630098427
1787,2.65479229533,16.0269483327
1788,2.61769556237,16.0329837938
1789,1.83968148558,17.7274330516
1790,2.77965078904,17.024492822
